{
  "gin_ece": 0.012568964665025283,
  "gat_ece": 0.005795957464793196,
  "gin_brier": 0.03001160248551978,
  "gat_brier": 0.029334603576579448,
  "gin_ece_per_class": {
    "0": 0.06394471092093171,
    "1": 0.05523874468875654,
    "2": 0.06726835133451405,
    "3": 0.05142099308245111,
    "4": 0.007386981251113343,
    "5": 0.016865179569488672,
    "6": 0.02199247127229517,
    "7": 0.003796483461822694,
    "8": 0.025550430614614126,
    "9": 0.019258688222052473,
    "10": 0.008591207532268582,
    "11": 0.006146262405073327,
    "12": 0.02745117152843511,
    "13": 0.022941152410525266,
    "14": 0.007757039889975479,
    "15": 0.014894838258624076,
    "16": 0.011790149066823,
    "17": 0.010477424598665852,
    "18": 0.0009319966531951319,
    "19": 0.04162520628422499,
    "20": 0.0132121527793281,
    "21": 0.004258157728155228,
    "22": 0.015176888693011169,
    "23": 0.012836710029479228,
    "24": 0.004802101374124036,
    "25": 0.005033811297422895,
    "26": 0.02032682970787088,
    "27": 0.015909429185769774,
    "28": 0.003032810189055674,
    "29": 0.0034970551334095722,
    "30": 0.007127455137246713,
    "31": 0.00602298102976585,
    "32": 0.003457953880371695
  },
  "gat_ece_per_class": {
    "0": 0.04916260913465961,
    "1": 0.06253909957228285,
    "2": 0.03388508866569309,
    "3": 0.02511885441388145,
    "4": 0.007060754032184681,
    "5": 0.01618444623199828,
    "6": 0.016567755852628388,
    "7": 0.004167374294448757,
    "8": 0.024189870509347237,
    "9": 0.019022597905361295,
    "10": 0.00585070326924324,
    "11": 0.008849650369110432,
    "12": 0.023310126781068516,
    "13": 0.022563426593939465,
    "14": 0.003713651049995061,
    "15": 0.013955593739043582,
    "16": 0.009640637580305336,
    "17": 0.012627910047092222,
    "18": 0.0004477407774803314,
    "19": 0.03068728226773215,
    "20": 0.0077509351908652616,
    "21": 0.0058917385554223345,
    "22": 0.02256490487153783,
    "23": 0.02023261968610865,
    "24": 0.003103032721291211,
    "25": 0.007804105817199204,
    "26": 0.019961698184523622,
    "27": 0.012199166212795359,
    "28": 0.0003799605183303356,
    "29": 0.004611504264175892,
    "30": 0.006897050787158536,
    "31": 0.006282460547306321,
    "32": 0.00246944863151646
  },
  "gin_rare_ece": 0.005791930029570886,
  "gin_frequent_ece": 0.022829018706030147,
  "gat_rare_ece": 0.006082122643707126,
  "gat_frequent_ece": 0.01895644563676512
}