{
  "gin_ece": 0.012568964886695446,
  "gat_ece": 0.00579595758082795,
  "gin_brier": 0.030011602392362814,
  "gat_brier": 0.0293346035592414
}