{
  "gin_aurocs": [
    0.9521500522126012,
    0.9469201098460303,
    0.9550447922143788,
    0.9510062711135105,
    0.9497996009428564
  ],
  "gat_aurocs": [
    0.9369777224166467,
    0.9357977788773225,
    0.9406311876695301,
    0.9337211811643986,
    0.9365687884871587
  ],
  "gin_mean": 0.9509841652658754,
  "gat_mean": 0.9367393317230113,
  "gin_std": 0.0026746293704698262,
  "gat_std": 0.0022462507599215063
}