{
  "gin_aurocs": [
    0.9521500477145209,
    0.9469201148078746,
    0.955044791166878,
    0.9510062704537958,
    0.9497996005312145
  ],
  "gat_aurocs": [
    0.9369777221917426,
    0.9357977794411685,
    0.9406311866220294,
    0.933721178129711,
    0.9365687899965123
  ],
  "gin_mean": 0.9509841649348567,
  "gat_mean": 0.9367393312762328,
  "gin_std": 0.00267462718774277,
  "gat_std": 0.002246251137485037,
  "effect_sizes": {
    "cohens_d": 5.158819906487142,
    "glass_delta": -5.325913728801119,
    "hedges_g": 4.659579270375483
  },
  "gin_enhanced_ci": {
    "mean": 0.9509841649348567,
    "parametric_ci": [
      0.947271187153038,
      0.9546971427166754
    ],
    "bootstrap_ci": [
      0.9487833325183882,
      0.9533079450954638
    ],
    "margin_parametric": 0.0037129777818186837,
    "margin_bootstrap": 0.002303341190356134
  },
  "gat_enhanced_ci": {
    "mean": 0.9367393312762328,
    "parametric_ci": [
      0.9336210347883751,
      0.9398576277640904
    ],
    "bootstrap_ci": [
      0.9349420093154774,
      0.9388520258607539
    ],
    "margin_parametric": 0.0031182964878576597,
    "margin_bootstrap": 0.0021197291779978533
  },
  "power_analysis": {
    "effect_size": 5.158819906487142,
    "current_n": 5,
    "current_power": 0.9998118105313019,
    "required_n": 5,
    "target_power": 0.8
  },
  "non_parametric_tests": {
    "wilcoxon": {
      "statistic": 0.0,
      "p_value": 0.0625
    },
    "mannwhitney": {
      "statistic": 25.0,
      "p_value": 0.007936507936507936
    },
    "kolmogorov_smirnov": {
      "statistic": 1.0,
      "p_value": 0.007936507936507936
    },
    "permutation": {
      "observed_diff": -0.014244833658623945,
      "p_value": 0.0077
    }
  }
}