{
  "gin_metrics": {
    "model_name": "GIN",
    "auroc_micro": 0.9008054266418208,
    "auroc_macro": 0.7946400760343452,
    "auroc_per_class": [
      0.8512891026234143,
      0.8467571077091306,
      0.7858938970717076,
      0.6597424302252761,
      0.8501412717864923,
      0.5122356589147287,
      0.6584454825664671,
      0.9926283026374295,
      0.9140880749984388,
      0.8898349626826448,
      0.47953959628992293,
      0.8773083971617875,
      0.9776676563045756,
      0.87634375,
      0.8208263794819599,
      0.38460296314238424,
      0.9466499972479734,
      0.8545421810699588,
      0.9292806034721837,
      0.6405799563212813,
      0.9785736386138614,
      0.37668260593161784,
      0.80270598026394,
      0.9060187533665588,
      0.933647607461476,
      0.4064550281525209,
      0.9690309487569762,
      0.752811569442038,
      0.8640458531796049,
      0.7249240121580547,
      0.9696525194770205,
      0.9427762612475988,
      0.8473999593743652
    ],
    "num_samples": 3300,
    "num_classes": 33,
    "mean_predictions": [
      0.024174291640520096,
      0.32151490449905396,
      0.2982499301433563,
      0.15946555137634277,
      0.004064757376909256,
      0.007116880267858505,
      0.0399961955845356,
      0.007218625396490097,
      0.06858070194721222,
      0.05389789119362831,
      0.00648388359695673,
      0.014025061391294003,
      0.035936061292886734,
      0.007361866999417543,
      0.009474693797528744,
      0.007500078063458204,
      0.02333872951567173,
      0.02837921306490898,
      0.007598667871206999,
      0.07185821235179901,
      0.012829417362809181,
      0.00759147061035037,
      0.022527355700731277,
      0.008698874153196812,
      0.00676344707608223,
      0.005930726416409016,
      0.024453625082969666,
      0.03738103434443474,
      0.007799052633345127,
      0.006527355872094631,
      0.006158003583550453,
      0.006636072415858507,
      0.007704904768615961
    ],
    "mean_true_labels": [
      0.08575757592916489,
      0.2860606014728546,
      0.3348484933376312,
      0.1775757521390915,
      0.010909090749919415,
      0.022727273404598236,
      0.018484847620129585,
      0.003939393907785416,
      0.043030302971601486,
      0.03909090906381607,
      0.013030302710831165,
      0.007878787815570831,
      0.008484848774969578,
      0.03030303120613098,
      0.012424242682754993,
      0.02090909145772457,
      0.011818181723356247,
      0.0181818176060915,
      0.006666666828095913,
      0.039393939077854156,
      0.020606061443686485,
      0.0033333334140479565,
      0.019696969538927078,
      0.017878787592053413,
      0.003636363660916686,
      0.0057575758546590805,
      0.004545454401522875,
      0.023333333432674408,
      0.006969696842133999,
      0.0030303029343485832,
      0.012424242682754993,
      0.0009090909152291715,
      0.005454545374959707
    ]
  },
  "gat_metrics": {
    "model_name": "GAT",
    "auroc_micro": 0.9047602438772246,
    "auroc_macro": 0.8056104959138173,
    "auroc_per_class": [
      0.8390744555879464,
      0.8216634053696298,
      0.7931642255640649,
      0.7255508663207587,
      0.8326269744008714,
      0.5850418604651164,
      0.7281188790306663,
      0.9697409374926869,
      0.876856452202767,
      0.9076856883725819,
      0.5762043826891632,
      0.6842958507588929,
      0.9547349807893817,
      0.942075,
      0.8812219819037712,
      0.35064748653219047,
      0.9311993332232522,
      0.8731790123456791,
      0.8160879693826613,
      0.6133875272991992,
      0.982527664531159,
      0.4499571574670389,
      0.7883485911306622,
      0.7326207123769082,
      0.9693582725060828,
      0.7048877909494858,
      0.9758904109589042,
      0.7539116173928461,
      0.8709848615515251,
      0.8009726443768997,
      0.9727883010649682,
      0.9184106763724599,
      0.9619303947457511
    ],
    "num_samples": 3300,
    "num_classes": 33,
    "mean_predictions": [
      0.03872257098555565,
      0.30218786001205444,
      0.31302201747894287,
      0.185481995344162,
      0.006260130554437637,
      0.0070487442426383495,
      0.033820126205682755,
      0.007401439361274242,
      0.06706780195236206,
      0.05707350745797157,
      0.010036828927695751,
      0.01672842539846897,
      0.0317949503660202,
      0.007739609573036432,
      0.009876123629510403,
      0.007896539755165577,
      0.020300287753343582,
      0.02752833254635334,
      0.007069065235555172,
      0.0695124939084053,
      0.02583184465765953,
      0.009225070476531982,
      0.02669246308505535,
      0.01169712282717228,
      0.0066042132675647736,
      0.006999987177550793,
      0.02450714260339737,
      0.035532500594854355,
      0.0073496634140610695,
      0.007641816511750221,
      0.005527193658053875,
      0.007191554177552462,
      0.0058211772702634335
    ],
    "mean_true_labels": [
      0.08575757592916489,
      0.2860606014728546,
      0.3348484933376312,
      0.1775757521390915,
      0.010909090749919415,
      0.022727273404598236,
      0.018484847620129585,
      0.003939393907785416,
      0.043030302971601486,
      0.03909090906381607,
      0.013030302710831165,
      0.007878787815570831,
      0.008484848774969578,
      0.03030303120613098,
      0.012424242682754993,
      0.02090909145772457,
      0.011818181723356247,
      0.0181818176060915,
      0.006666666828095913,
      0.039393939077854156,
      0.020606061443686485,
      0.0033333334140479565,
      0.019696969538927078,
      0.017878787592053413,
      0.003636363660916686,
      0.0057575758546590805,
      0.004545454401522875,
      0.023333333432674408,
      0.006969696842133999,
      0.0030303029343485832,
      0.012424242682754993,
      0.0009090909152291715,
      0.005454545374959707
    ]
  },
  "comparison_summary": {
    "gin_auroc_micro": 0.9008054266418208,
    "gat_auroc_micro": 0.9047602438772246,
    "gin_auroc_macro": 0.7946400760343452,
    "gat_auroc_macro": 0.8056104959138173,
    "micro_improvement": 0.003954817235403807,
    "macro_improvement": 0.010970419879472115
  },
  "micro_effect_sizes": null,
  "macro_effect_sizes": null,
  "non_parametric_tests": {
    "wilcoxon_p_value": 0.4688330565113574,
    "mannwhitney_p_value": 0.9488728226871822,
    "ks_p_value": 0.851010941578351,
    "permutation_p_value": 0.7931
  }
}