{
  "gin_similarity": 0.8798215985298157,
  "gat_similarity": 0.9063132405281067,
  "gin_gat_similarity": 0.9902806282043457,
  "gin_dist": [
    0.01781141757965088,
    0.2368893325328827,
    0.21974776685237885,
    0.11749279499053955,
    0.0029948761221021414,
    0.005243657156825066,
    0.029468785971403122,
    0.0053186179138720036,
    0.05052965134382248,
    0.03971143439412117,
    0.004777273628860712,
    0.010333527810871601,
    0.026477329432964325,
    0.005424163769930601,
    0.006980865262448788,
    0.005525991786271334,
    0.017195748165249825,
    0.02090952731668949,
    0.0055986251682043076,
    0.05294445529580116,
    0.009452585130929947,
    0.005593340843915939,
    0.016597924754023552,
    0.006409249268472195,
    0.004983252380043268,
    0.004369703587144613,
    0.01801718771457672,
    0.027542002499103546,
    0.005746275186538696,
    0.00480929808691144,
    0.004537161439657211,
    0.0048894016072154045,
    0.005676901433616877
  ],
  "gat_dist": [
    0.027517637237906456,
    0.214745432138443,
    0.22244465351104736,
    0.13181020319461823,
    0.004448676016181707,
    0.005009087733924389,
    0.024033771827816963,
    0.005259728990495205,
    0.04766075685620308,
    0.04055848345160484,
    0.00713252741843462,
    0.011887824162840843,
    0.022594645619392395,
    0.005500038620084524,
    0.007018321193754673,
    0.005611564498394728,
    0.01442610751837492,
    0.019562626257538795,
    0.005023526959121227,
    0.049398090690374374,
    0.018357066437602043,
    0.006555665750056505,
    0.01896858960390091,
    0.00831239577382803,
    0.004693185910582542,
    0.004974445793777704,
    0.01741565577685833,
    0.025250662118196487,
    0.0052229296416044235,
    0.005430540535598993,
    0.003927820362150669,
    0.005110572557896376,
    0.004136734176427126
  ],
  "true_dist": [
    0.06501264125108719,
    0.21686194837093353,
    0.2538479268550873,
    0.134619802236557,
    0.008270158432424068,
    0.01722949743270874,
    0.014013323932886124,
    0.0029864462558180094,
    0.03262118250131607,
    0.029634736478328705,
    0.009878245182335377,
    0.005972892511636019,
    0.0064323460683226585,
    0.02297266386449337,
    0.009418792091310024,
    0.015851138159632683,
    0.008959339000284672,
    0.013783597387373447,
    0.005053986329585314,
    0.029864462092518806,
    0.015621411614120007,
    0.002526993164792657,
    0.014932231046259403,
    0.013553871773183346,
    0.002756719710305333,
    0.004364806227385998,
    0.003445899346843362,
    0.017688950523734093,
    0.005283712409436703,
    0.002297266386449337,
    0.009418792091310024,
    0.0006891799275763333,
    0.004135079216212034
  ]
}