{
  "gin_auroc_per_sample_mean": 0.7946398714157153,
  "gat_auroc_per_sample_mean": 0.8056104781680689,
  "molecular_properties_summary": {
    "MolWt": {
      "count": 425.0,
      "mean": 172.95534117647057,
      "std": 47.829328868273464,
      "min": 48.11000000000001,
      "25%": 142.242,
      "50%": 168.236,
      "75%": 198.30599999999998,
      "max": 554.9850000000006
    },
    "LogP": {
      "count": 425.0,
      "mean": 2.6080001411764715,
      "std": 1.2828562284822267,
      "min": -3.644499999999998,
      "25%": 1.865,
      "50%": 2.572400000000001,
      "75%": 3.370000000000002,
      "max": 11.646899999999986
    },
    "NumHDonors": {
      "count": 425.0,
      "mean": 0.27294117647058824,
      "std": 0.4960666598004686,
      "min": 0.0,
      "25%": 0.0,
      "50%": 0.0,
      "75%": 1.0,
      "max": 3.0
    },
    "NumHAcceptors": {
      "count": 425.0,
      "mean": 1.7905882352941176,
      "std": 0.7925989506423652,
      "min": 0.0,
      "25%": 1.0,
      "50%": 2.0,
      "75%": 2.0,
      "max": 4.0
    },
    "TPSA": {
      "count": 425.0,
      "mean": 24.30423529411765,
      "std": 12.409908584537662,
      "min": 0.0,
      "25%": 17.07,
      "50%": 26.3,
      "75%": 26.3,
      "max": 111.89999999999999
    }
  }
}