{
  "gin_metrics": {
    "model_name": "GIN",
    "auroc_micro": 0.9008054255431446,
    "auroc_macro": 0.7946399175614408,
    "auroc_per_class": [
      0.8512891026234143,
      0.8467571077091306,
      0.7858938970717076,
      0.6597424302252761,
      0.8501412717864925,
      0.5122356589147287,
      0.6584454825664671,
      0.9926283026374295,
      0.914088074998439,
      0.8898349626826447,
      0.47953959628992293,
      0.8773083971617875,
      0.9776676563045757,
      0.87634375,
      0.8208263794819599,
      0.38460296314238424,
      0.9466499972479733,
      0.8545421810699587,
      0.9292806034721837,
      0.6405799563212813,
      0.9785736386138614,
      0.37668260593161773,
      0.8027059802639402,
      0.9060135237607142,
      0.933647607461476,
      0.4064550281525209,
      0.9690309487569762,
      0.7528115694420379,
      0.8640458531796049,
      0.7249240121580547,
      0.9696525194770205,
      0.9427762612475988,
      0.8473999593743652
    ],
    "num_samples": 3300,
    "num_classes": 33,
    "mean_predictions": [
      0.024174291640520096,
      0.32151490449905396,
      0.29824990034103394,
      0.15946556627750397,
      0.004064758308231831,
      0.00711688119918108,
      0.0399961993098259,
      0.007218625396490097,
      0.06858070939779282,
      0.05389789491891861,
      0.006483884062618017,
      0.014025063253939152,
      0.035936061292886734,
      0.007361866533756256,
      0.009474692866206169,
      0.007500078063458204,
      0.023338722065091133,
      0.02837921306490898,
      0.007598666939884424,
      0.0718582272529602,
      0.012829415500164032,
      0.007591470144689083,
      0.02252735197544098,
      0.008698875084519386,
      0.00676344707608223,
      0.00593072734773159,
      0.024453621357679367,
      0.03738103061914444,
      0.007799053099006414,
      0.0065273563377559185,
      0.006158002186566591,
      0.006636073812842369,
      0.007704904768615961
    ],
    "mean_true_labels": [
      0.08575757592916489,
      0.2860606014728546,
      0.3348484933376312,
      0.1775757521390915,
      0.010909090749919415,
      0.022727273404598236,
      0.018484847620129585,
      0.003939393907785416,
      0.043030302971601486,
      0.03909090906381607,
      0.013030302710831165,
      0.007878787815570831,
      0.008484848774969578,
      0.03030303120613098,
      0.012424242682754993,
      0.02090909145772457,
      0.011818181723356247,
      0.0181818176060915,
      0.006666666828095913,
      0.039393939077854156,
      0.020606061443686485,
      0.0033333334140479565,
      0.019696969538927078,
      0.017878787592053413,
      0.003636363660916686,
      0.0057575758546590805,
      0.004545454401522875,
      0.023333333432674408,
      0.006969696842133999,
      0.0030303029343485832,
      0.012424242682754993,
      0.0009090909152291715,
      0.005454545374959707
    ]
  },
  "gat_metrics": {
    "model_name": "GAT",
    "auroc_micro": 0.904760238383843,
    "auroc_macro": 0.8056104604223204,
    "auroc_per_class": [
      0.8390732843685547,
      0.8216634053696297,
      0.7931642255640647,
      0.7255508663207587,
      0.8326269744008715,
      0.5850418604651163,
      0.7281188790306662,
      0.9697409374926869,
      0.876856452202767,
      0.9076856883725819,
      0.5762043826891632,
      0.6842958507588929,
      0.9547349807893818,
      0.942075,
      0.8812219819037712,
      0.35064748653219036,
      0.9311993332232522,
      0.8731790123456791,
      0.8160879693826613,
      0.6133875272991992,
      0.982527664531159,
      0.4499571574670389,
      0.7883485911306624,
      0.7326207123769082,
      0.9693582725060828,
      0.7048877909494858,
      0.9758904109589042,
      0.7539116173928461,
      0.8709848615515252,
      0.8009726443768997,
      0.9727883010649683,
      0.9184106763724598,
      0.9619303947457513
    ],
    "num_samples": 3300,
    "num_classes": 33,
    "mean_predictions": [
      0.03872257098555565,
      0.30218780040740967,
      0.31302201747894287,
      0.18548201024532318,
      0.006260129157453775,
      0.0070487442426383495,
      0.033820126205682755,
      0.007401437032967806,
      0.06706780940294266,
      0.05707350745797157,
      0.010036827996373177,
      0.016728423535823822,
      0.0317949540913105,
      0.007739609107375145,
      0.009876125492155552,
      0.007896538823843002,
      0.020300285890698433,
      0.02752833440899849,
      0.007069064769893885,
      0.0695125013589859,
      0.02583184465765953,
      0.009225070476531982,
      0.02669246308505535,
      0.01169712282717228,
      0.0066042132675647736,
      0.006999988108873367,
      0.024507148191332817,
      0.035532500594854355,
      0.0073496634140610695,
      0.0076418169774115086,
      0.005527193658053875,
      0.007191554177552462,
      0.005821176804602146
    ],
    "mean_true_labels": [
      0.08575757592916489,
      0.2860606014728546,
      0.3348484933376312,
      0.1775757521390915,
      0.010909090749919415,
      0.022727273404598236,
      0.018484847620129585,
      0.003939393907785416,
      0.043030302971601486,
      0.03909090906381607,
      0.013030302710831165,
      0.007878787815570831,
      0.008484848774969578,
      0.03030303120613098,
      0.012424242682754993,
      0.02090909145772457,
      0.011818181723356247,
      0.0181818176060915,
      0.006666666828095913,
      0.039393939077854156,
      0.020606061443686485,
      0.0033333334140479565,
      0.019696969538927078,
      0.017878787592053413,
      0.003636363660916686,
      0.0057575758546590805,
      0.004545454401522875,
      0.023333333432674408,
      0.006969696842133999,
      0.0030303029343485832,
      0.012424242682754993,
      0.0009090909152291715,
      0.005454545374959707
    ]
  },
  "comparison_summary": {
    "gin_auroc_micro": 0.9008054255431446,
    "gat_auroc_micro": 0.904760238383843,
    "gin_auroc_macro": 0.7946399175614408,
    "gat_auroc_macro": 0.8056104604223204,
    "micro_improvement": 0.0039548128406984295,
    "macro_improvement": 0.010970542860879617
  }
}